cond_s,mean,sd,upper_pct,lower_pct
other,-0.0302327332310907,0.0407305370348566,0.0406527247267271,-0.118731880956492
