cond_s,mean,sd,upper_pct,lower_pct,n
other_10,-0.0327811648238056,0.124801298301803,0.167455108422619,-0.261614388196429,5
other_20,-0.0140245122518711,0.075747294823918,0.142980377673214,-0.169839406565476,5
other_30,-0.0272856266486826,0.0644080551655863,0.135638719624206,-0.133613566555159,5
other_40,-0.0266944287994514,0.0509650563212772,0.0611472114883928,-0.136549116410119,5
other_50,-0.0252954695296191,0.0507597870370945,0.0791971699257142,-0.172758724015,5
other_60,-0.0252513734782586,0.0418435513359295,0.0617534158958332,-0.135122345647024,5
other_70,-0.0237424833134405,0.0343244357680206,0.0331321778066326,-0.117436227547449,5
other_80,-0.0243329592059807,0.0234167107701472,0.0212484555748511,-0.0665327449394346,5
other_90,-0.0236903260875384,0.015964887005769,0.00850398057328032,-0.0532949051887567,5
