cond_s,mean,sd,upper_pct,lower_pct
other,-0.0302164025600791,0.0405395945484811,0.0553928449016283,-0.118731880956492
