cond_s,mean,sd,upper_pct,lower_pct,n
other_10,0.221392204282796,0.632727506247965,0.961122729283673,-0.866099256390048,5
other_20,0.117360180834708,0.601354731783471,0.918300975638449,-0.828436158835281,5
other_30,0.420607915581125,0.495784235105382,0.978821414023359,-0.822271530671812,5
other_40,0.404178569971499,0.482927419007058,0.953588322524803,-0.775587631892589,5
other_50,0.526355489134824,0.465953370820627,0.978877392903304,-0.554160475090531,5
other_60,0.618201168011765,0.393301993536251,0.984227060279442,-0.329966384834645,5
other_70,0.694943649441354,0.334287949460999,0.988268298256742,-0.235812277642815,5
other_80,0.693115724597815,0.33604209002304,0.99519412147172,-0.282437165004764,5
other_90,0.653934294008069,0.321833764614842,0.980197037440298,-0.156334226590241,5
