cond_s,mean,sd,upper_pct,lower_pct
other,0.701442719596271,0.294827211660295,0.979299644006566,-0.199397496553821
