cond_s,mean,sd,upper_pct,lower_pct
other,0.701047705339532,0.29691527135124,0.980861045519583,-0.199397496553821
