cond_s,mean,sd,upper_pct,lower_pct
other,0.0449972169856711,0.0295520612425841,0.101403274164122,-0.012216750059728
