cond_s,mean,sd,upper_pct,lower_pct
other,-0.365862754630387,0.570834546652379,0.890533784927576,-0.890453332828299
