cond_s,mean,sd,upper_pct,lower_pct
other,-0.0301531811645431,0.0412242496428957,0.0480227848141777,-0.130342091073845
