cond_s,mean,sd,upper_pct,lower_pct
other,0.709531825118784,0.289345787042187,0.980861045519583,-0.0370918538925939
