cond_s,mean,sd,upper_pct,lower_pct
other,0.0451590649257296,0.0298280081034226,0.105794960072171,-0.012216750059728
