cond_s,mean,sd,upper_pct,lower_pct
other,0.0449666967258403,0.0305466408441895,0.11018664598022,-0.0171678480305422
