cond_s,mean,sd,upper_pct,lower_pct,n
other_10,0.0592506261565836,0.106435240062502,0.281521821685496,-0.129273202505344,5
other_20,0.0566010868348992,0.0672981932016894,0.182520637065394,-0.0783817210633588,5
other_30,0.0506315012722653,0.0594887019189007,0.173075911446989,-0.0389806652117048,5
other_40,0.0469630235251358,0.0476989592765368,0.136751590709288,-0.0276586709868956,5
other_50,0.0469840020634502,0.0454296059209279,0.130025995949618,-0.0308394422981169,5
other_60,0.043511322235684,0.0377584657416919,0.115486600068533,-0.0284752723615775,5
other_70,0.0475776599142671,0.0340540100660352,0.102619955190549,-0.0157052239326062,5
other_80,0.0477708880359876,0.0235277521176217,0.0930373965372138,0.00617113881781177,5
other_90,0.0483454111002442,0.0136967960788088,0.0764591914064463,0.0268319753856942,5
