cond_s,mean,sd,upper_pct,lower_pct
other,-0.378276941610684,0.565765082879658,0.861853516053037,-0.924966980988442
