cond_s,mean,sd,upper_pct,lower_pct
other,-0.372330489759755,0.568882308887564,0.876193650490306,-0.907710156908371
