cond_s,mean,sd,upper_pct,lower_pct,n
other_10,-0.0439451380019811,0.726078335994214,0.982169144861032,-0.99319671709334,5
other_20,-0.0352899630616499,0.733402949621042,0.955084405165538,-0.969076679721641,5
other_30,-0.224764945084593,0.667312212088418,0.960439247113514,-0.986857082369809,5
other_40,-0.155598876909046,0.654954361029457,0.961060262381493,-0.959193942617077,5
other_50,-0.0582474437503194,0.706969123242507,0.9776633735112,-0.97147040715587,5
other_60,-0.0946863507163339,0.661410236535866,0.967472874766347,-0.969104118850692,5
other_70,-0.131016443345995,0.69127224886824,0.97680964542396,-0.96697633456999,5
other_80,-0.230422427634059,0.629665855698114,0.943671123440545,-0.953266058376497,5
other_90,-0.324634771908658,0.580527767270286,0.847862320133424,-0.944897176121764,5
